customer_name,phone,alt_phone,area,address,id_ref,notes,loan_type,loan_amount,principal_left,start_date,interest_style,interest_value,interest_method,frequency,principal_per_collection,next_due_date,security_type,security_description,vehicle_registration,status,closed_date,reference,interest_already_paid,last_paid_date
Sample Arun,9000000001,,Erode,"12, Main Road, Erode",Aadhaar 1111,Sample record,monthly,"2,00,000","2,00,000",01-03-2026,percent,3,reducing,monthly,,01-11-2026,none,,,active,,Shop stock,,01-10-2026
Sample Arun,9000000001,,Erode,,,,vehicle,"1,00,000","1,00,000",10-06-2026,percent,2,reducing,monthly,,10-10-2026,vehicle,Royal Enfield Classic 350,TN 56 AR 4521,active,,,,
Sample Bala,9000000002,9000000102,Bhavani,"3, Kaveri Street",,Pays late sometimes,monthly,"1,50,000","1,00,000",15-01-2026,percent,3,reducing,monthly,,15-10-2026,none,,,active,,,"1,000",20-09-2026
Sample Chitra,9000000003,,Perundurai,,,,weekly,"1,00,000","1,00,000",01-09-2026,fixed,"2,500",fixed,weekly,,06-10-2026,none,,,active,,,,29-09-2026
Sample Dinesh,9000000004,,Gobi,,Voter 222,,weekly,"15,000","9,000",01-09-2026,fixed,300,fixed,weekly,"3,000",06-10-2026,none,,,active,,Weekly with principal,,
Sample Elango,9000000005,,Tiruppur,"41, Avinashi Road",,,jewel,"1,50,000","1,50,000",20-04-2026,percent,2,reducing,monthly,,20-10-2026,jewel,Gold chain 38.5g 22K PKT-0412,,active,,,,20-09-2026
Sample Fathima,9000000006,,Erode,,,,jewel,"60,000",0,05-01-2026,percent,2,reducing,monthly,,,jewel,Gold bangle pair,,closed,22-09-2026,,,22-09-2026
Sample Ganesh,9000000007,,Chennimalai,,,Missed three months,monthly,"3,00,000","3,00,000",30-04-2026,percent,3,reducing,monthly,,30-07-2026,none,,,active,,,,30-06-2026
Sample Hari,9000000008,,Kodumudi,,,,30day,"3,00,000","3,00,000",01-07-2026,percent,6,fixed,30days,,29-09-2026,none,,,active,,,,
Sample Hari,9000000008,,Kodumudi,,,,15day,"5,00,000","5,00,000",19-09-2026,fixed,"10,000",fixed,15days,,04-10-2026,none,,,active,,,,
Sample Indira,9000000009,,Sivagiri,,,,vehicle,"2,50,000","2,50,000",22-12-2025,percent,1.5,reducing,monthly,,22-09-2026,vehicle,Tata Ace Gold,TN 56 C 7788,active,,,,
Sample Jeeva,9000000010,,Ingur,,,,monthly,"80,000",0,01-12-2025,percent,2.5,reducing,monthly,,,none,,,closed,03-08-2026,,,03-08-2026
Sample Kumar,9000000011,,Modakurichi,,,,vehicle,"1,20,000","60,000",12-02-2026,percent,2,reducing,monthly,,12-10-2026,vehicle,Bajaj Pulsar 220,TN 56 B 3310,active,,Half returned,,12-09-2026
Sample Latha,9000000012,,Perundurai,,,,monthly,"5,00,000","5,00,000",04-12-2025,percent,2,reducing,monthly,,04-11-2026,document,Sale deed SD-1187/2019,,active,,Business expansion,,
Sample Mani,9000000013,,Kanjikoil,,,,monthly,"1,20,000","1,20,000",04-05-2026,percent,2.5,reducing,monthly,,04-10-2026,none,,,active,,,,
Sample Naveen,9000000014,,Perundurai,,,,15day,"20,000","20,000",17-09-2026,fixed,800,fixed,15days,,02-10-2026,none,,,active,,,,
Sample Ojas,9000000015,,Erode,,,,weekly,"80,000","80,000",13-09-2026,fixed,"2,000",fixed,weekly,,04-10-2026,none,,,active,,,,
Sample Priya,9000000016,,Bhavani,,,,30day,"60,000","60,000",26-08-2026,percent,5,fixed,30days,,25-09-2026,none,,,active,,,,
Sample Qadir,9000000017,,Vijayamangalam,,,,weekly,"60,000","60,000",30-08-2026,fixed,"1,500",fixed,weekly,,11-10-2026,other,Shop goods held,,active,,,,
Sample Ravi,9000000018,,Gobi,,,,jewel,"45,000","45,000",04-08-2026,percent,2,reducing,monthly,,04-11-2026,jewel,Gold bangles 24g,,active,,,,
